instance,TT-Open-WBO-Inc,Loandra,Open-WBO-Inc(inc-bmo-satlike),Open-WBO-Inc(inc-bmo-complete),LinSBPS2018,Open-WBO-g,SATLike,sls-mcs2,Open-WBO-ms,sls-mcs,uwrmaxsat-inc
spot5/log/1401.wcsp.log.wcnf.gz,0.9348,0.9787,0.9503,0.9503,0.9914,0.9684,0.9746,0.9746,0.9745,0.9746,0.8777
spot5/log/1403.wcsp.log.wcnf.gz,0.9685,0.9957,0.9705,0.9705,1.0,0.9726,0.9788,0.9768,0.9808,0.9768,0.9644
spot5/dir/1405.wcsp.dir.wcnf.gz,0.9582,0.9999,0.9582,0.9582,0.9914,0.9787,0.9913,1.0,0.9663,1.0,0.9126
spot5/log/1405.wcsp.log.wcnf.gz,0.9663,0.9956,0.9484,0.9484,1.0,0.9787,0.9725,0.9725,0.9786,0.9725,0.9406
spot5/log/1407.wcsp.log.wcnf.gz,0.9486,0.9914,0.9428,0.9428,1.0,0.9746,0.9789,0.983,0.9808,0.9789,0.8765
hs-timetabling/BrazilInstance1.xml.wcnf.gz,0.9756,1.0,0.6349,0.6349,0.9302,0.4878,0.2703,0.6667,0.5063,0.2899,0.4494
hs-timetabling/BrazilInstance2.xml.wcnf.gz,0.8571,1.0,0.0968,0.0968,1.0,0.0984,0.0209,0.0741,0.0896,0.0231,0.1538
hs-timetabling/BrazilInstance4.xml.wcnf.gz,0.4646,0.7867,0.2379,0.2379,0.5673,0.2921,0.4069,0.2122,0.2077,0.2122,0.181
hs-timetabling/BrazilInstance5.xml.wcnf.gz,0.2857,0.274,0.1852,0.1852,0.7407,0.1818,0.3125,0.1527,0.202,0.0411,0.1389
hs-timetabling/BrazilInstance6.xml.wcnf.gz,0.4359,0.3312,0.2684,0.2684,0.4513,0.2865,0.311,0.2073,0.2563,0.086,0.2372
hs-timetabling/BrazilInstance7.xml.wcnf.gz,0.6649,0.387,0.2735,0.2735,0.4223,0.2998,0.2682,0.2593,0.3492,0.1437,0.4682
timetabling/EA07.lp.sm-extracted.wcnf.gz,0.0,0.0,0.0,0.0,0.0,0.0,0.0,0.0,0.0,0.0,0.0
hs-timetabling/FinlandHighSchool.xml.wcnf.gz,0.5,0.0929,0.02,0.02,0.0897,0.0166,0.0422,0.018,0.0211,0.018,0.0256
hs-timetabling/FinlandSecondarySchool.xml.wcnf.gz,0.1673,0.3296,0.1376,0.1376,0.6593,0.1516,0.2928,0.1621,0.1532,0.1651,0.1216
hs-timetabling/ItalyInstance1.xml.wcnf.gz,1.0,0.9286,0.4063,0.4063,1.0,0.2131,0.0438,0.25,0.3023,0.0444,1.0
hs-timetabling/ItalyInstance4.xml.wcnf.gz,0.1591,0.1095,0.0101,0.0101,0.0031,0.0142,0.0077,0.0,0.0102,0.0,0.0598
maxcut/dimacs_mod/MANN_a27.clq.wcnf.gz,0.9314,0.9725,1.0,0.931,0.9884,0.9544,1.0,1.0,0.9456,1.0,0.9688
maxcut/dimacs_mod/MANN_a81.clq.wcnf.gz,0.9713,0.9955,0.9995,0.9713,0.9828,0.9657,1.0,1.0,0.9541,1.0,0.8963
min-width/MinWidthCB_mitdbsample_100_43_1k_5s_1t_5.wcnf.gz,0.994,1.0,0.994,0.994,0.9065,0.9056,0.965,0.9932,0.9541,0.9852,0.8754
min-width/MinWidthCB_mitdbsample_100_43_1k_5s_2t_5.wcnf.gz,1.0,0.9162,1.0,1.0,0.8893,0.9315,0.9615,0.988,0.9302,0.9767,0.8376
min-width/MinWidthCB_mitdbsample_200_26_1k_10s_1t_10.wcnf.gz,0.9398,0.9832,0.9525,0.9398,0.954,0.8622,0.9538,0.9836,0.8588,0.9891,0.7985
min-width/MinWidthCB_mitdbsample_200_32_1k_10s_1t_10.wcnf.gz,0.9428,0.9876,0.9428,0.9428,0.9959,0.7478,0.953,0.9801,0.8347,0.9905,0.8205
min-width/MinWidthCB_mitdbsample_200_32_1k_10s_1t_12.wcnf.gz,1.0,0.9826,1.0,1.0,0.9922,0.9086,0.9705,0.9765,0.8405,0.9777,0.8818
min-width/MinWidthCB_mitdbsample_200_43_1k_4s_2t_6.wcnf.gz,0.9505,0.9856,0.9505,0.9505,0.9492,0.8922,0.9688,0.9703,0.8844,0.967,0.8617
min-width/MinWidthCB_mitdbsample_200_64_1k_10s_1t_12.wcnf.gz,0.947,0.7734,0.947,0.947,0.8859,0.7997,0.9429,0.9773,0.8668,0.979,0.8688
min-width/MinWidthCB_mitdbsample_200_64_1k_10s_3t_10.wcnf.gz,1.0,0.9413,1.0,1.0,0.9488,0.8352,0.9296,0.9805,0.8298,0.9579,0.8757
min-width/MinWidthCB_mitdbsample_200_64_1k_2s_1t_4.wcnf.gz,0.9057,0.9504,0.9788,0.9057,0.9919,0.885,0.9847,0.9992,0.9052,0.9954,0.9596
min-width/MinWidthCB_mitdbsample_300_32_1k_15s_1t_17.wcnf.gz,1.0,0.9307,1.0,1.0,0.9675,0.8025,0.9035,0.9245,0.6213,0.9213,0.7449
min-width/MinWidthCB_mitdbsample_300_43_1k_6s_1t_8.wcnf.gz,0.984,0.9866,0.9837,0.9837,0.9743,0.9283,0.9786,0.9899,0.8682,0.9928,0.9234
min-width/MinWidthCB_mitdbsample_300_64_1k_3s_3t_3.wcnf.gz,0.9714,1.0,0.9714,0.9714,0.9559,0.9494,0.9717,0.9731,0.9337,0.9722,0.9787
min-width/MinWidthCB_power_1000_24_1k_10s_1t_10.wcnf.gz,0.9645,0.9082,0.9645,0.9645,0.9484,0.9644,0.956,0.9132,0.9644,0.9144,0.8891
min-width/MinWidthCB_power_1000_24_1k_10s_1t_12.wcnf.gz,0.9626,0.9892,0.9626,0.9626,0.9497,0.9626,0.9577,0.9119,0.9626,0.9081,0.9126
min-width/MinWidthCB_power_1000_24_1k_20s_2t_22.wcnf.gz,1.0,0.9889,1.0,1.0,0.9928,0.8585,0.9616,0.934,0.4083,0.9258,0.9627
min-width/MinWidthCB_power_200_24_1k_10s_2t_10.wcnf.gz,0.9218,0.9903,0.9218,0.9218,0.9354,0.9512,0.9504,0.9316,0.9512,0.9316,0.993
min-width/MinWidthCB_power_600_24_1k_12s_2t_12.wcnf.gz,0.9757,1.0,0.9757,0.9757,0.9418,0.9681,0.948,0.8858,0.9681,0.8739,0.9909
BTBNSL/Rounded_BTWBNSL_Flag.BIC_TWBound_2.wcnf.gz,0.9929,0.9979,0.992,0.992,0.9795,0.992,0.9183,0.9708,0.992,0.9685,0.9752
BTBNSL/Rounded_BTWBNSL_Horse.BIC_TWBound_2.wcnf.gz,0.9965,0.9994,0.9965,0.9965,0.9921,0.9965,0.9915,0.984,0.9965,0.9819,0.9933
BTBNSL/Rounded_BTWBNSL_Horse.BIC_TWBound_3.wcnf.gz,0.9966,1.0,0.9964,0.9964,0.9949,0.9964,0.9889,0.9831,0.9964,0.9842,0.9943
BTBNSL/Rounded_BTWBNSL_Housing_TWBound_4.wcnf.gz,0.9304,1.0,0.889,0.889,0.9607,0.8892,0.8078,0.9238,0.8562,0.9419,0.9129
BTBNSL/Rounded_BTWBNSL_Voting_TWBound_4.wcnf.gz,1.0,0.9913,1.0,1.0,0.9939,1.0,0.981,0.9907,1.0,0.9907,0.9467
BTBNSL/Rounded_BTWBNSL_adult15N_TWBound_3.wcnf.gz,0.9944,1.0,0.9944,0.9944,0.9966,0.9945,0.887,0.905,0.9945,0.9361,0.9922
BTBNSL/Rounded_BTWBNSL_alarm_100_1_3.scores_TWBound_4.wcnf.gz,0.9835,0.9986,0.9829,0.9829,0.9651,0.9836,0.6904,0.9555,0.9836,0.9558,0.9045
BTBNSL/Rounded_BTWBNSL_hailfinder_10000_1_3.scores_TWBound_2.wcnf.gz,0.9615,0.9911,0.9463,0.9463,0.9161,0.929,0.7646,0.8796,0.9408,0.8744,0.8865
BTBNSL/Rounded_BTWBNSL_hailfinder_10000_1_3.scores_TWBound_4.wcnf.gz,0.9912,0.9959,0.9348,0.9348,0.9885,0.9383,0.8096,0.8939,0.8843,0.8939,0.8137
BTBNSL/Rounded_BTWBNSL_hailfinder_1000_1_3.scores_TWBound_3.wcnf.gz,1.0,0.9667,1.0,1.0,0.9958,0.9839,0.7793,0.9037,0.9947,0.906,0.8969
BTBNSL/Rounded_BTWBNSL_insurance_1000_1_3.scores_TWBound_2.wcnf.gz,0.9663,1.0,0.9662,0.9662,0.9764,0.9656,0.6918,0.966,0.9656,0.9523,0.9709
BTBNSL/Rounded_BTWBNSL_insurance_1000_1_3.scores_TWBound_3.wcnf.gz,0.9767,0.9994,0.9767,0.9767,0.9892,0.9767,0.8384,0.9614,0.9767,0.9579,0.9671
BTBNSL/Rounded_BTWBNSL_insurance_100_1_3.scores_TWBound_2.wcnf.gz,0.9833,1.0,0.9833,0.9833,0.9864,0.9833,0.9574,0.9518,0.9833,0.9617,0.9992
BTBNSL/Rounded_BTWBNSL_insurance_100_1_3.scores_TWBound_3.wcnf.gz,0.9826,1.0,0.9826,0.9826,0.9888,0.9826,0.7703,0.9631,0.9826,0.9649,0.9983
correlation-clustering/Rounded_CorrelationClustering_Ecoli_BINARY_N280_D0.200.wcnf.gz,0.9896,0.8608,0.9874,0.9765,0.7914,0.9789,0.9619,0.9941,0.9486,0.9941,0.9155
correlation-clustering/Rounded_CorrelationClustering_Ionosphere_BINARY_N240_D0.200.wcnf.gz,0.7836,0.9551,0.7255,0.7307,0.2589,0.7071,0.9264,0.9355,0.4929,0.9438,0.7223
correlation-clustering/Rounded_CorrelationClustering_Ionosphere_BINARY_N260_D0.200.wcnf.gz,0.6503,0.7916,0.505,0.4837,0.2892,0.5003,0.9438,0.9374,0.3016,0.9419,0.7022
correlation-clustering/Rounded_CorrelationClustering_Ionosphere_BINARY_N280_D0.200.wcnf.gz,0.5,0.7023,0.3404,0.3324,0.2521,0.3259,0.9474,0.9172,0.2601,0.9324,0.6788
correlation-clustering/Rounded_CorrelationClustering_Ionosphere_BINARY_N300_D0.200.wcnf.gz,0.3722,0.8067,0.3618,0.3618,0.4275,0.349,0.9354,0.9123,0.2483,0.9263,0.4481
correlation-clustering/Rounded_CorrelationClustering_Protein1_UNARY_N150.wcnf.gz,0.8633,0.9865,0.858,0.858,0.5315,0.8317,0.9148,0.9215,0.7186,0.922,0.6712
correlation-clustering/Rounded_CorrelationClustering_Protein1_UNARY_N170.wcnf.gz,0.8869,0.9959,0.9606,0.8729,0.2144,0.8506,0.8389,0.1779,0.8688,0.1779,0.8064
correlation-clustering/Rounded_CorrelationClustering_Protein1_UNARY_N290.wcnf.gz,0.98,0.8582,0.8048,0.8048,0.1504,0.7714,0.2379,0.0,0.0,0.0,0.7488
correlation-clustering/Rounded_CorrelationClustering_Protein2_BINARY_N340.wcnf.gz,0.918,0.9766,0.9745,0.7417,0.1714,0.9602,0.958,0.9944,0.6043,0.9624,0.9657
correlation-clustering/Rounded_CorrelationClustering_Protein2_BINARY_N380.wcnf.gz,0.9529,0.9699,0.6874,0.6874,0.1794,0.9493,0.9718,0.9831,0.757,0.9879,0.9563
correlation-clustering/Rounded_CorrelationClustering_Protein2_BINARY_N400.wcnf.gz,0.9417,0.9618,0.6856,0.6856,0.1537,0.9546,0.9856,0.982,0.1451,0.9961,0.9449
correlation-clustering/Rounded_CorrelationClustering_Protein2_UNARY_N160.wcnf.gz,0.923,0.9232,0.9021,0.9021,0.3354,0.8737,0.8949,0.9294,0.1739,0.8919,0.6684
correlation-clustering/Rounded_CorrelationClustering_Protein2_UNARY_N180.wcnf.gz,0.8922,0.9767,0.9002,0.9002,0.7335,0.8961,0.2261,0.9478,0.158,0.3466,0.8682
correlation-clustering/Rounded_CorrelationClustering_Protein2_UNARY_N220.wcnf.gz,0.8823,0.9193,0.8533,0.8533,0.2702,0.5156,0.183,0.208,0.0,0.208,0.7511
correlation-clustering/Rounded_CorrelationClustering_Protein2_UNARY_N240.wcnf.gz,0.9242,0.9836,0.8534,0.8534,0.1863,0.8282,0.1967,0.0,0.1643,0.0,0.8026
correlation-clustering/Rounded_CorrelationClustering_Protein3_UNARY_N220.wcnf.gz,0.8985,0.9932,0.6458,0.6458,0.1679,0.1925,0.9359,0.1762,0.0,0.1762,0.7252
correlation-clustering/Rounded_CorrelationClustering_Protein3_UNARY_N240.wcnf.gz,0.9135,0.9408,0.6275,0.6275,0.1905,0.184,0.1994,0.169,0.0,0.169,0.6766
correlation-clustering/Rounded_CorrelationClustering_Protein3_UNARY_N280.wcnf.gz,0.8668,0.9104,0.635,0.635,0.1761,0.8245,0.181,0.1613,0.0,0.1613,0.7872
correlation-clustering/Rounded_CorrelationClustering_Protein4_BINARY_N400.wcnf.gz,0.8765,0.9983,0.9254,0.7482,0.5726,0.8492,0.9098,0.9725,0.8525,0.9725,0.9045
correlation-clustering/Rounded_CorrelationClustering_Protein4_UNARY_N210.wcnf.gz,0.8342,0.9259,0.7997,0.7954,0.468,0.7621,0.8859,0.8979,0.6653,0.6989,0.4811
correlation-clustering/Rounded_CorrelationClustering_Protein4_UNARY_N230.wcnf.gz,0.8801,0.9919,0.8107,0.8107,0.1652,0.7244,0.2682,0.899,0.4705,0.5011,0.564
correlation-clustering/Rounded_CorrelationClustering_Vowel_BINARY_N740_D0.200.wcnf.gz,0.694,0.6944,0.7221,0.7221,0.6599,0.6879,0.7134,0.0,0.0,0.0,0.6968
correlation-clustering/Rounded_CorrelationClustering_Vowel_BINARY_N760_D0.200.wcnf.gz,0.7044,0.6743,0.6678,0.6678,0.6387,0.666,0.6864,0.0,0.6665,0.0,0.6753
MaxSATQueriesinInterpretableClassifiers/MLIC_maxsat_benchmarks/adult_test_0_CNF_5_5.wcnf.gz,0.8991,0.7892,0.7576,0.7576,0.9909,0.7427,0.8979,0.7716,0.7755,0.8865,0.6552
MaxSATQueriesinInterpretableClassifiers/wcnf_gz/adult_test_8_CNF_5_15.wcnf.gz,0.9505,0.9477,0.8096,0.8096,0.8958,0.7595,0.9123,0.9133,0.7855,0.9032,0.6097
af-synthesis/af-synthesis_stb_50_120_5.wcnf.gz,1.0,1.0,0.8779,0.9829,1.0,0.9746,0.7468,0.9055,1.0,0.6534,0.9583
af-synthesis/af-synthesis_stb_50_120_7.wcnf.gz,1.0,1.0,0.9098,1.0,1.0,1.0,0.761,0.9758,1.0,0.6875,1.0
af-synthesis/af-synthesis_stb_50_140_0.wcnf.gz,0.9837,0.9918,0.9167,0.9837,1.0,0.9758,0.7378,0.9167,0.9758,0.6612,0.9453
af-synthesis/af-synthesis_stb_50_140_1.wcnf.gz,1.0,1.0,0.9209,0.9771,1.0,1.0,0.7711,0.9922,1.0,0.6737,0.9697
af-synthesis/af-synthesis_stb_50_140_7.wcnf.gz,0.9821,1.0,0.8943,1.0,1.0,0.991,0.8088,0.9565,0.991,0.6395,0.8462
af-synthesis/af-synthesis_stb_50_160_4.wcnf.gz,1.0,1.0,0.8671,1.0,1.0,0.9841,0.7337,0.8986,0.9841,0.6169,0.9841
af-synthesis/af-synthesis_stb_50_160_6.wcnf.gz,1.0,1.0,0.9538,0.9764,1.0,0.9612,0.7045,0.9466,0.9538,0.6458,0.9118
af-synthesis/af-synthesis_stb_50_180_2.wcnf.gz,0.9748,0.9667,0.8788,0.9587,1.0,0.9748,0.7073,0.9063,0.9748,0.6304,0.9431
af-synthesis/af-synthesis_stb_50_200_1.wcnf.gz,1.0,0.9925,0.95,0.95,1.0,0.9708,0.6963,0.6303,1.0,0.6303,0.95
af-synthesis/af-synthesis_stb_50_200_6.wcnf.gz,0.9912,0.9655,0.9825,1.0,1.0,0.9739,0.6788,1.0,0.9573,0.64,0.8819
af-synthesis/af-synthesis_stb_50_40_0.wcnf.gz,1.0,1.0,0.9256,1.0,1.0,1.0,0.6957,0.655,0.9655,0.655,0.9333
af-synthesis/af-synthesis_stb_50_40_9.wcnf.gz,0.9779,0.9925,0.9779,0.9779,1.0,0.9638,0.8581,0.7112,0.9779,0.7112,0.9852
af-synthesis/af-synthesis_stb_50_60_2.wcnf.gz,1.0,1.0,0.9365,1.0,1.0,1.0,0.7815,0.9672,1.0,0.7152,0.9593
af-synthesis/af-synthesis_stb_50_80_2.wcnf.gz,1.0,0.9907,0.8833,0.9464,1.0,0.9217,0.7413,0.7162,0.8548,0.7162,1.0
af-synthesis/af-synthesis_stb_50_80_3.wcnf.gz,1.0,1.0,0.9828,0.9828,1.0,0.9661,0.75,0.7037,1.0,0.7037,0.9661
af-synthesis/af-synthesis_stb_50_80_7.wcnf.gz,1.0,0.9748,0.8923,0.9587,1.0,0.9587,0.7205,0.8923,0.9587,0.6705,0.8923
railway-transport/bf2030fvslack.wcnf.gz,0.9748,0.8455,0.6725,0.6725,0.7307,0.7629,0.7307,0.0,0.0,0.0,0.654
MinimumWeightDominatingSetProblem/bn-human-BNU_1_0025865_session_1-bg.wcnf.gz,0.9972,0.9957,1.0,1.0,0.9975,0.0,0.0,0.0,0.996,0.0,0.9975
maxcut/dimacs_mod/brock400_1.clq.wcnf.gz,0.9221,0.9722,1.0,0.908,0.9763,0.9322,1.0,1.0,0.9265,0.9985,0.9632
maxcut/dimacs_mod/brock400_4.clq.wcnf.gz,0.8729,0.9817,1.0,0.8788,0.9241,0.8953,1.0,1.0,0.9375,1.0,0.9195
maxcut/dimacs_mod/brock800_2.clq.wcnf.gz,0.8938,0.9782,1.0,0.9197,0.939,0.9035,1.0,1.0,0.8813,1.0,0.8923
causal-discovery/causal_Alarm_7_1000.wcnf.gz,0.9092,1.0,0.9092,0.9092,1.0,0.9092,1.0,0.2516,1.0,0.1874,1.0
causal-discovery/causal_Autos_8_159.wcnf.gz,0.8971,0.7946,0.8971,0.8971,0.9371,0.8971,0.4126,0.0,0.8971,0.0,1.0
causal-discovery/causal_Heart_10_212.wcnf.gz,0.6525,1.0,0.8883,0.8883,1.0,0.3179,0.2814,0.0,0.3179,0.0,0.0411
causal-discovery/causal_Letter_7_20000.wcnf.gz,0.8912,1.0,0.9008,0.9008,0.9713,0.8912,0.9713,0.886,0.8714,0.7753,0.9682
causal-discovery/causal_Link_10_1000.wcnf.gz,1.0,0.0669,0.0664,0.0664,0.0672,0.0669,0.0672,0.0,0.0669,0.0,0.0625
causal-discovery/causal_LungCancer_8_27.wcnf.gz,0.9008,1.0,0.9008,0.9008,0.8859,0.9008,0.6298,0.0,0.9008,0.0,1.0
causal-discovery/causal_Pigs_6_10000.wcnf.gz,0.5989,0.8895,0.6095,0.6095,1.0,0.5683,1.0,0.0,0.5989,0.0,1.0
causal-discovery/causal_Water_10_1000.wcnf.gz,0.0413,0.7069,0.1723,0.1723,0.7069,0.7069,0.7069,0.0,0.7069,0.0,0.1154
causal-discovery/causal_Wdbc_8_569.wcnf.gz,0.7025,0.3219,0.7025,0.7025,0.1103,0.7025,0.1103,0.2526,0.3428,0.2172,0.514
causal-discovery/causal_alarm_9_1000.wcnf.gz,0.0762,0.1457,0.0964,0.0964,1.0,0.1457,1.0,0.0,0.1109,0.0,0.1437
causal-discovery/causal_alarm_9_10000.wcnf.gz,0.0239,0.0608,0.0451,0.0451,0.0599,0.0605,0.0599,0.0,0.0414,0.0,1.0
causal-discovery/causal_asia_7_1000.wcnf.gz,0.9872,1.0,1.0,1.0,0.9846,1.0,0.3725,0.2475,1.0,0.2414,1.0
causal-discovery/causal_carpo_9_10000.wcnf.gz,0.0684,0.1954,0.0998,0.0998,0.1954,0.6591,0.1954,0.0,0.0394,0.0,1.0
causal-discovery/causal_hailfinder_8_10000.wcnf.gz,1.0,1.0,1.0,1.0,1.0,1.0,0.7572,0.0,1.0,0.0,1.0
causal-discovery/causal_insurance_8_10000.wcnf.gz,1.0,1.0,0.4239,0.4239,1.0,0.4239,0.904,0.0,0.4239,0.0,0.904
causal-discovery/causal_insurance_9_100.wcnf.gz,0.7794,0.0969,0.6887,0.6887,0.1006,0.8768,0.8615,0.0,0.3144,0.0,1.0
MinimumWeightDominatingSetProblem/channel-500x100x100-b050.wcnf.gz,0.7182,0.615,1.0,1.0,0.7567,0.0,0.9293,0.5656,0.5951,0.5656,0.6947
timetabling/comp01.wcnf.gz,0.0,0.0,0.0,0.0,0.0,0.0,0.0,0.0,0.0,0.0,0.0
timetabling/comp02.wcnf.gz,0.7576,0.9259,0.6757,0.6757,0.8065,0.8065,0.0871,0.4386,0.4237,0.102,0.4098
timetabling/comp05.wcnf.gz,0.4683,0.7227,0.4042,0.4042,0.8158,0.6119,0.4276,0.4125,0.6976,0.4507,0.3178
timetabling/comp06.lp.sm-extracted.wcnf.gz,0.0101,0.0107,0.0056,0.0056,0.0195,0.0048,0.01,0.0333,0.0,0.0133,0.6818
timetabling/comp07.lp.sm-extracted.wcnf.gz,0.0845,0.0635,0.0534,0.0534,0.1855,0.0623,0.1369,0.1506,0.0,0.1506,0.8241
timetabling/comp07.wcnf.gz,0.0338,0.0569,0.0172,0.0172,0.1167,0.0169,0.0102,0.0105,0.0,0.0105,0.0113
timetabling/comp09.wcnf.gz,0.8584,0.8981,0.8584,0.8584,0.9151,0.8151,0.3022,0.5026,0.8584,0.3464,0.7638
timetabling/comp12.wcnf.gz,0.2718,0.7309,0.3152,0.3152,0.4567,0.3364,0.3279,0.3431,0.3288,0.3457,0.7615
timetabling/comp13.lp.sm-extracted.wcnf.gz,0.0344,0.0724,0.0201,0.0203,0.0532,0.0281,0.0372,0.3077,0.0,0.0699,0.8889
timetabling/comp18.wcnf.gz,0.8267,0.8493,0.521,0.521,0.9254,0.6813,0.2403,0.3851,0.5586,0.2357,0.5741
MaxSATQueriesinInterpretableClassifiers/MLIC_maxsat_benchmarks/compas_train_0_CNF_3_5.wcnf.gz,0.9431,0.8832,0.7551,0.7581,0.7276,0.8042,0.9578,0.9502,0.7361,0.9502,0.7644
MaxSATQueriesinInterpretableClassifiers/MLIC_maxsat_benchmarks/credit_test_1_CNF_5_20.wcnf.gz,0.9434,0.3512,0.79,0.79,0.6714,0.7865,0.9018,0.8882,0.736,0.9416,0.647
timetabling/dds4.wcnf.gz,0.0,0.0,0.0,0.0,0.0,0.0,0.0,0.0,0.0,0.0,0.0
MinimumWeightDominatingSetProblem/delaunay_n24.wcnf.gz,0.0,0.6495,0.0,0.0,0.0,0.6495,0.0,0.0,0.6495,0.0,0.0
abstraction-refinement/downcast-antlr.wcnf.gz,0.9997,0.9978,0.9995,0.9995,0.3369,0.9973,0.9991,0.9993,0.9958,0.9993,0.0
abstraction-refinement/downcast-avrora.wcnf.gz,0.9999,0.999,0.9993,0.9993,0.8934,0.9947,0.9976,0.9976,0.9964,0.9976,0.0
abstraction-refinement/downcast-hsqldb.wcnf.gz,0.5835,0.2057,0.9975,0.9975,0.865,0.9902,0.0,0.0,0.9981,0.0,0.0
abstraction-refinement/downcast-pmd.wcnf.gz,1.0,0.8974,0.9842,0.9842,0.9448,0.9272,0.0,0.0,0.9822,0.0,0.0
abstraction-refinement/downcast-xalan.wcnf.gz,0.9998,0.9978,0.9994,0.9994,0.9349,0.9952,0.9993,0.9994,0.9972,0.9994,0.0
railway-transport/f2030.wcnf.gz,0.9368,0.6819,0.9368,0.9368,0.832,0.5062,0.2762,0.2614,0.3165,0.2622,0.6694
drmx-cryptogen/geffe128_7.wcnf.gz,0.8512,0.9239,0.887,0.887,0.9186,0.8841,0.9239,0.9756,0.887,0.978,0.8822
maxcut/dimacs_mod/hamming10-2.clq.wcnf.gz,0.9074,0.9512,1.0,0.9138,0.9526,0.9204,1.0,1.0,0.9279,1.0,0.947
maxcut/dimacs_mod/hamming8-2.clq.wcnf.gz,0.9551,0.9858,0.9982,0.963,0.9809,0.9584,1.0,1.0,0.9622,1.0,0.9672
MinimumWeightDominatingSetProblem/hugebubbles-00020.wcnf.gz,0.0,0.0,0.0,0.0,0.0,0.6898,0.0,0.0,0.6898,0.0,0.0
MinimumWeightDominatingSetProblem/inf-road-usa.wcnf.gz,0.0,0.0,0.0,0.0,0.7575,0.7269,0.0,0.0,0.7269,0.0,0.0
staff-scheduling/instance10.wcnf.gz,0.8532,0.8472,0.4351,0.4351,0.4167,0.4302,0.7527,0.7456,0.0,0.7396,0.0
staff-scheduling/instance11.wcnf.gz,0.9816,0.8787,0.7611,0.7611,0.2543,0.7282,1.0,0.9768,0.6168,0.9768,0.0
staff-scheduling/instance12.wcnf.gz,0.294,0.5212,0.2771,0.2771,0.237,0.2689,0.601,0.592,0.0,0.592,0.0
staff-scheduling/instance2.wcnf.gz,0.9834,0.9595,0.9976,0.9976,0.8982,0.954,0.9811,0.9881,0.9584,0.9834,0.0
staff-scheduling/instance3.wcnf.gz,0.9453,0.9616,0.9444,0.9444,1.0,0.958,0.8806,0.9672,0.8791,0.971,0.8632
staff-scheduling/instance4.wcnf.gz,0.9636,0.9679,0.9129,0.9129,1.0,0.9641,0.9706,0.9994,0.9609,0.9845,0.752
staff-scheduling/instance5.wcnf.gz,0.9975,1.0,0.8541,0.8541,0.8494,0.7427,0.8663,0.9348,0.8024,0.8553,0.0
staff-scheduling/instance6.wcnf.gz,0.8628,0.9491,0.8273,0.8273,0.9011,0.7965,0.8758,0.8438,0.7399,0.8769,0.3281
staff-scheduling/instance7.wcnf.gz,0.9104,0.8362,0.7203,0.7203,0.8502,0.6765,0.844,0.8465,0.5842,0.9126,0.0
staff-scheduling/instance8.wcnf.gz,1.0,0.6552,0.5046,0.5046,0.7245,0.574,0.3944,0.5536,0.4651,0.4136,0.0
staff-scheduling/instance9.wcnf.gz,0.5831,0.3973,0.1035,0.1035,0.439,0.1016,0.2704,0.1812,0.1231,0.2007,0.0
maxcut/dimacs_mod/johnson8-4-4.clq.wcnf.gz,0.9013,0.835,0.8892,0.8892,0.8588,0.8951,1.0,1.0,0.879,1.0,0.8562
shiftdesign/limits-10-10_data-1_inst-044_30m.sm-extracted.wcnf.gz,0.9892,0.3686,0.3313,0.3724,0.9958,0.0727,0.597,0.0,0.0,0.0,0.0
shiftdesign/limits-10-10_data-1_inst-084_30m.sm-extracted.wcnf.gz,0.1652,0.0728,0.2282,0.2282,0.4983,0.0622,0.1362,0.0,0.0,0.0,0.0
shiftdesign/limits-10-10_data-1_inst-102_30m.sm-extracted.wcnf.gz,0.9748,0.057,0.9987,0.9997,0.9652,0.4957,0.0767,0.0,0.0,0.0,0.0
shiftdesign/limits-10-10_data-1_inst-122_30m.sm-extracted.wcnf.gz,1.0,0.0433,1.0,1.0,1.0,0.0662,0.9963,0.0,0.0,0.0,0.0
shiftdesign/limits-10-10_data-1_inst-182_30m.sm-extracted.wcnf.gz,0.3933,0.0487,0.0766,0.0796,0.3959,0.0991,0.0644,0.0,0.0,0.0,0.0
shiftdesign/limits-10-10_data-2_inst-003_30m.sm-extracted.wcnf.gz,0.5947,0.0534,0.2284,0.2473,0.2983,0.0533,0.0809,0.0,0.0,0.0,0.0
shiftdesign/limits-10-10_data-2_inst-025_30m.sm-extracted.wcnf.gz,0.209,0.0665,0.0765,0.0765,0.1209,0.0829,0.0,0.0,0.0,0.0,0.0
shiftdesign/limits-10-10_data-2_inst-030_30m.sm-extracted.wcnf.gz,0.0773,0.0344,0.0412,0.0424,0.0,0.0356,0.0,0.0,0.0,0.0,0.0
shiftdesign/limits-10-10_data-3_inst-002_30m.sm-extracted.wcnf.gz,0.7348,0.0663,0.2283,0.2475,0.497,0.2283,0.1146,0.0,0.0,0.0,0.0
shiftdesign/limits-10-10_data-3_inst-003_30m.sm-extracted.wcnf.gz,0.9985,0.0439,0.2941,0.4191,1.0,0.2272,0.9983,0.0,0.0,0.0,0.0
shiftdesign/limits-10-10_data-4_inst-003_60m.sm-extracted.wcnf.gz,0.9862,0.2117,0.5692,0.5692,0.9854,0.6568,0.2123,0.0,0.0,0.0,0.0
lisbon-wedding/lisbon-wedding-1-17.wcnf.gz,0.0,0.0,0.0,0.0,0.0,0.0,0.0,0.0,0.0,0.0,0.0
lisbon-wedding/lisbon-wedding-1-19.wcnf.gz,0.0,0.0,0.0,0.0,0.0,0.0,0.0,0.0,0.0,0.0,0.0
lisbon-wedding/lisbon-wedding-10-18.wcnf.gz,1.0,1.0,1.0,1.0,1.0,0.7657,0.5682,1.0,0.7863,0.576,0.9819
lisbon-wedding/lisbon-wedding-10-19.wcnf.gz,1.0,1.0,1.0,1.0,1.0,0.7744,0.5628,1.0,0.8124,0.8158,0.9896
lisbon-wedding/lisbon-wedding-2-19.wcnf.gz,0.0,0.0,0.0,0.0,0.0,0.0,0.0,0.0,0.0,0.0,0.0
lisbon-wedding/lisbon-wedding-3-18.wcnf.gz,0.0,0.0,0.0,0.0,0.0,0.0,0.0,0.0,0.0,0.0,0.0
lisbon-wedding/lisbon-wedding-4-19.wcnf.gz,1.0,0.6822,0.6957,0.6957,1.0,0.7205,0.5111,1.0,0.7123,0.63,0.0
lisbon-wedding/lisbon-wedding-5-19.wcnf.gz,0.7512,0.712,0.7184,0.7184,1.0,0.7177,1.0,1.0,0.754,0.6883,0.0
lisbon-wedding/lisbon-wedding-6-19.wcnf.gz,1.0,0.7902,0.712,0.712,1.0,0.7261,0.6612,1.0,0.8224,0.6612,0.0
lisbon-wedding/lisbon-wedding-7-17.wcnf.gz,0.9953,1.0,0.97,0.97,1.0,0.805,0.5913,1.0,0.7811,0.8957,0.9906
lisbon-wedding/lisbon-wedding-8-18.wcnf.gz,1.0,1.0,1.0,1.0,1.0,0.8483,0.7325,1.0,0.8465,0.7205,0.8447
lisbon-wedding/lisbon-wedding-8-19.wcnf.gz,1.0,1.0,1.0,1.0,1.0,0.8163,0.7326,1.0,0.8299,0.8511,0.8529
lisbon-wedding/lisbon-wedding-9-17.wcnf.gz,0.9975,0.9975,0.995,0.995,1.0,0.8298,0.7079,0.9925,0.844,0.7182,0.7964
lisbon-wedding/lisbon-wedding-9-19.wcnf.gz,1.0,1.0,0.9975,0.9975,1.0,0.821,0.8544,1.0,0.8453,0.7189,0.8143
metro/metro_8_8_5_20_10_6_500_1_3.lp.sm-extracted.wcnf.gz,1.0,1.0,1.0,1.0,1.0,1.0,0.6406,0.7514,0.5226,0.4633,0.9456
metro/metro_8_8_5_20_10_6_500_1_5.lp.sm-extracted.wcnf.gz,1.0,1.0,0.9652,0.9652,1.0,1.0,0.7986,0.9737,0.9652,0.7255,1.0
pseudoBoolean/miplib/normalized-mps-v2-20-10-cracpb1.opb.msat.wcnf.gz,1.0,1.0,0.5371,0.5371,0.5741,0.6009,0.3692,0.0822,0.3986,0.0822,0.0
pseudoBoolean/miplib/normalized-mps-v2-20-10-l152lav.opb.msat.wcnf.gz,0.0,0.0,0.0,0.0,0.0,0.0,0.0,0.0,0.0,0.0,0.0
pseudoBoolean/miplib/normalized-mps-v2-20-10-lp4l.opb.msat.wcnf.gz,0.8414,0.9587,0.7662,0.7662,0.9796,0.7583,0.745,0.9012,0.8721,0.7879,0.7466
pseudoBoolean/miplib/normalized-mps-v2-20-10-mod008.opb.msat.wcnf.gz,1.0,0.9904,0.8556,0.8851,0.0324,0.8676,0.0268,0.7586,0.8508,0.0453,0.5683
pseudoBoolean/miplib/normalized-mps-v2-20-10-mod010.opb.msat.wcnf.gz,0.0,0.0,0.0,0.0,0.0,0.0,0.0,0.0,0.0,0.0,0.0
pseudoBoolean/miplib/normalized-mps-v2-20-10-p0548.opb.msat.wcnf.gz,0.6926,0.4004,0.461,0.461,0.2267,0.2267,0.2267,0.1899,0.4639,0.1899,0.0
pseudoBoolean/miplib/normalized-mps-v2-20-10-sentoy.opb.msat.wcnf.gz,0.9253,0.9609,0.9642,0.9642,0.9545,0.9642,0.7419,0.0,0.9642,0.0,0.9685
maxcut/dimacs_mod/p_hat1000-3.clq.wcnf.gz,0.9435,0.9992,0.9766,0.9435,0.9601,0.8886,1.0,1.0,0.8768,1.0,0.947
maxcut/dimacs_mod/p_hat500-3.clq.wcnf.gz,0.9226,0.9895,1.0,0.9187,0.9482,0.917,1.0,1.0,0.9054,1.0,0.9277
relational-inference/pa-2.wcnf.gz,0.0,0.4609,0.9678,0.9678,0.0703,0.4609,0.0,0.0,0.4609,0.0,0.0
relational-inference/pa-3.wcnf.gz,0.0,0.0865,0.6965,0.6965,0.0,0.0886,0.1052,0.0823,0.0979,0.0807,0.0
MaxSATQueriesinInterpretableClassifiers/MLIC_maxsat_benchmarks/pima_train_1_DNF_5_15.wcnf.gz,0.9549,1.0,0.7834,0.7834,0.9293,0.7571,0.9259,0.8407,0.7949,0.9166,0.7008
abstraction-refinement/polysite-avrora.wcnf.gz,0.9998,0.9991,0.9991,0.9991,0.9032,0.9934,0.9986,0.9986,0.9944,0.9986,0.0
abstraction-refinement/polysite-bloat.wcnf.gz,0.0,0.1033,0.5366,0.5366,0.0089,0.419,0.0,0.0,0.1964,0.0,0.0
abstraction-refinement/polysite-hsqldb.wcnf.gz,1.0,0.9971,0.9961,0.9961,0.9697,0.997,0.0,0.0,0.9996,0.0,0.0
abstraction-refinement/polysite-pmd.wcnf.gz,1.0,0.9981,0.9996,0.9996,0.9754,0.998,0.9754,0.9569,0.9992,0.9569,0.0
abstraction-refinement/polysite-xalan.wcnf.gz,0.9997,0.9969,0.9992,0.9992,0.9585,0.9958,0.9585,0.0,0.999,0.0,0.0
max-realizability/power-distribution_10_7.wcnf.gz,0.9683,0.9242,0.9531,0.9531,1.0,0.9531,1.0,1.0,0.9385,1.0,0.9531
max-realizability/power-distribution_10_8.wcnf.gz,0.9839,0.9242,0.9104,0.9104,1.0,0.9839,1.0,0.8356,0.9104,1.0,0.6224
max-realizability/power-distribution_11_7.wcnf.gz,0.9478,0.9769,0.9549,0.9549,1.0,0.9769,1.0,0.9922,0.9338,1.0,0.8639
max-realizability/power-distribution_11_8.wcnf.gz,0.9407,0.9549,0.9695,0.9695,1.0,0.9621,1.0,1.0,0.9478,1.0,0.4686
max-realizability/power-distribution_12_7.wcnf.gz,0.9602,0.5012,0.9688,0.9688,1.0,0.9731,1.0,0.9909,0.9775,0.9909,0.9909
max-realizability/power-distribution_12_8.wcnf.gz,0.9688,0.5012,0.9864,0.9864,1.0,0.9644,1.0,0.9775,0.9644,0.9775,0.4748
max-realizability/power-distribution_2_8.wcnf.gz,1.0,1.0,0.8462,0.8462,1.0,0.9167,1.0,1.0,1.0,1.0,0.5238
max-realizability/power-distribution_7_8.wcnf.gz,0.9048,1.0,0.9048,0.9048,1.0,1.0,1.0,1.0,1.0,1.0,0.6129
max-realizability/power-distribution_8_8.wcnf.gz,0.9535,1.0,0.9762,0.9762,1.0,0.9535,1.0,1.0,1.0,1.0,1.0
max-realizability/power-distribution_9_8.wcnf.gz,0.95,1.0,0.95,0.95,1.0,0.95,1.0,1.0,0.9048,1.0,0.9048
railway-transport/r11.wcnf.gz,1.0,0.7895,0.8199,0.8199,0.7604,0.7467,0.7604,0.0,0.0,0.0,0.0
ramsey/ram_k3_n12.ra1.wcnf.gz,1.0,0.5401,1.0,1.0,0.0704,1.0,1.0,1.0,1.0,1.0,1.0
ramsey/ram_k3_n13.ra1.wcnf.gz,0.6877,0.6887,1.0,0.6877,0.7202,0.6877,1.0,1.0,0.6877,1.0,0.7527
ramsey/ram_k3_n14.ra1.wcnf.gz,0.882,0.7189,0.6496,0.6496,0.7542,0.9027,1.0,0.9441,0.7393,0.9441,0.882
ramsey/ram_k3_n15.ra1.wcnf.gz,0.7604,0.5488,0.8213,0.8213,0.7101,0.8346,1.0,0.9391,0.8576,0.9191,0.796
ramsey/ram_k3_n16.ra1.wcnf.gz,0.6828,0.6859,0.7524,0.7524,0.7449,0.7952,1.0,0.9736,0.7679,1.0,0.7861
ramsey/ram_k3_n17.ra1.wcnf.gz,0.7052,0.5892,0.7023,0.7023,0.7321,0.7204,1.0,0.9604,0.7204,0.9888,0.6908
ramsey/ram_k3_n18.ra1.wcnf.gz,0.8003,0.6518,0.6914,0.6914,0.6395,0.718,1.0,0.8805,0.6892,0.9339,0.7839
ramsey/ram_k3_n19.ra1.wcnf.gz,0.7341,0.6198,0.6973,0.6973,0.7136,0.67,1.0,0.9655,0.6811,0.9093,0.6935
ramsey/ram_k3_n20.ra1.wcnf.gz,0.7238,0.6219,0.6295,0.6295,0.6346,0.6306,1.0,0.9735,0.6114,0.9465,0.6535
ramsey/ram_k4_n18.ra1.wcnf.gz,0.3413,0.2438,0.2643,0.2643,0.3801,0.2309,0.8533,1.0,0.4404,1.0,0.4373
ramsey/ram_k4_n19.ra1.wcnf.gz,0.4773,0.3186,0.3505,0.3505,0.3096,0.3512,0.7536,0.8189,0.2543,0.8394,0.2862
ramsey/ram_k4_n20.ra1.wcnf.gz,0.4864,0.4014,0.3416,0.3416,0.354,0.3693,0.7985,0.7667,0.4192,0.7667,0.4023
mpe/random-net-100-2_network-9.net.wcnf.gz,0.9209,0.9989,0.9995,0.9209,0.9495,0.9264,0.9907,1.0,0.9253,0.9973,0.9478
mpe/random-net-30-5_network-7.net.wcnf.gz,0.9547,0.9268,0.9833,0.9671,0.9284,0.9547,0.9779,1.0,0.9547,1.0,0.9489
mpe/random-net-30-6_network-4.net.wcnf.gz,0.8889,0.9328,1.0,0.8687,0.996,0.8563,1.0,1.0,0.8825,1.0,0.9449
mpe/random-net-30-6_network-6.net.wcnf.gz,0.0,0.9571,0.8948,0.8948,0.9438,0.9444,0.9697,0.9842,0.8286,0.9842,0.9306
mpe/random-net-40-4_network-10.net.wcnf.gz,0.0,0.9422,0.9508,0.9508,0.9593,0.9401,0.9806,1.0,0.9698,1.0,0.968
mpe/random-net-40-4_network-3.net.wcnf.gz,0.0,0.9606,0.8541,0.8541,0.9905,0.8563,0.9913,0.9924,0.8541,1.0,0.9707
mpe/random-net-40-4_network-7.net.wcnf.gz,0.9751,0.9913,1.0,0.9615,0.9991,0.9609,0.9979,0.9979,0.9765,0.9991,0.9664
mpe/random-net-40-5_network-10.net.wcnf.gz,0.8537,1.0,1.0,0.864,0.9915,0.8537,1.0,1.0,0.8543,1.0,1.0
mpe/random-net-40-5_network-9.net.wcnf.gz,0.9537,0.988,0.9904,0.9537,0.955,0.9537,0.9894,1.0,0.9537,1.0,0.9526
mpe/random-net-50-4_network-10.net.wcnf.gz,0.0,0.974,0.9465,0.9465,0.9568,0.9416,0.9962,1.0,0.9465,1.0,0.9678
mpe/random-net-50-5_network-1.net.wcnf.gz,0.0,0.9019,0.9275,0.9275,0.9484,0.9275,0.9896,0.9896,0.9275,0.9923,0.9637
mpe/random-net-50-5_network-2.net.wcnf.gz,0.8527,0.9648,1.0,0.8569,0.957,0.8517,0.9991,1.0,0.9314,1.0,0.9429
mpe/random-net-50-5_network-5.net.wcnf.gz,0.9114,0.9112,1.0,0.8964,0.9887,0.9137,0.9721,0.9868,0.9465,0.9949,0.9239
mpe/random-net-60-3_network-7.net.wcnf.gz,0.9201,0.9866,0.9964,0.9016,0.971,0.8905,0.9878,0.9935,0.8899,0.9942,0.9901
mpe/random-net-60-3_network-9.net.wcnf.gz,0.921,1.0,0.9906,0.921,0.9524,0.921,1.0,1.0,0.921,0.9978,0.978
max-realizability/robot-navigation_10.wcnf.gz,0.0,1.0,0.9375,0.9375,1.0,1.0,0.5556,0.0,0.0,0.0,0.0
max-realizability/robot-navigation_8.wcnf.gz,1.0,1.0,0.9643,0.9643,1.0,0.9643,0.0,0.0,1.0,0.0,0.0
max-realizability/robot-navigation_9.wcnf.gz,1.0,1.0,0.5556,0.5556,1.0,0.9375,0.0,0.0,0.0,0.0,0.0
ParametricRBACMaintenance/role_domino_0.05_1.cnf.gz,0.3696,0.309,0.2482,0.2482,0.2186,0.2598,0.8866,0.9133,0.2663,0.9279,0.3548
ParametricRBACMaintenance/role_domino_0.05_8.cnf.gz,0.3485,0.2962,0.2445,0.2445,0.23,0.2778,0.977,0.9235,0.3139,0.9305,0.3772
ParametricRBACMaintenance/role_domino_0.35_4.cnf.gz,0.8063,0.7671,0.6955,0.6955,0.2984,0.7264,0.9524,0.9432,0.5538,0.9432,0.7714
ParametricRBACMaintenance/role_domino_0.45_5.cnf.gz,0.934,0.8883,0.9493,0.9493,0.3227,0.9084,0.9993,0.9743,0.5941,0.9743,0.8702
ParametricRBACMaintenance/role_domino_0.65_4.cnf.gz,0.9195,0.9302,0.9442,0.9442,0.2767,0.9349,0.9998,0.9997,0.5501,0.9997,0.8722
ParametricRBACMaintenance/role_domino_0.6_13.cnf.gz,0.9224,0.8983,0.9592,0.9592,0.2877,0.8222,0.9908,0.9982,0.5349,0.9982,0.877
ParametricRBACMaintenance/role_domino_0.7_2.cnf.gz,0.9103,0.9107,0.965,0.965,0.2662,0.8858,0.9838,0.9995,0.4931,0.9995,0.8634
ParametricRBACMaintenance/role_domino_0.95_4.cnf.gz,0.8476,0.8726,0.9516,0.9516,0.2352,0.9158,0.9991,0.9721,0.4654,0.9721,0.8253
ParametricRBACMaintenance/role_domino_1.0_15.cnf.gz,0.9913,0.9656,0.9205,0.9205,0.2292,0.8873,0.9514,0.996,0.6165,0.9526,0.8158
ParametricRBACMaintenance/role_smallcomp_0.9_4.cnf.gz,0.9508,0.9954,0.9695,0.9695,1.0,1.0,0.9793,1.0,1.0,0.9908,0.9651
ParametricRBACMaintenance/role_smallcomp_1.0_0.cnf.gz,0.9533,1.0,1.0,1.0,1.0,0.957,0.9959,1.0,0.98,0.9959,0.9646
ParametricRBACMaintenance/role_university_0.55_2.cnf.gz,1.0,0.0,0.0,0.0,0.0,0.0,0.9116,0.3772,0.5758,0.9507,0.8883
ParametricRBACMaintenance/role_university_0.6_8.cnf.gz,1.0,0.0,0.9151,0.9151,0.0,0.0,0.9348,0.9744,0.5582,0.6577,0.8874
ParametricRBACMaintenance/role_university_0.85_2.cnf.gz,0.9833,0.0,0.0,0.0,0.0,0.0,0.3686,0.9902,0.481,0.27,0.8192
ParametricRBACMaintenance/role_university_0.85_9.cnf.gz,0.9597,0.9997,0.0,0.0,0.2607,0.928,0.3574,1.0,0.4584,0.4769,0.7947
maxcut/dimacs_mod/san200_0.7_2.clq.wcnf.gz,0.9431,0.9765,1.0,0.9325,0.9651,0.9001,1.0,1.0,0.9008,1.0,0.9533
maxcut/dimacs_mod/san200_0.9_3.clq.wcnf.gz,0.9356,0.9789,0.9905,0.9361,0.9783,0.9489,1.0,1.0,0.9451,1.0,0.9559
maxcut/dimacs_mod/san400_0.7_3.clq.wcnf.gz,0.8937,0.967,1.0,0.8672,0.9655,0.8877,1.0,0.9942,0.9058,1.0,0.9413
maxcut/dimacs_mod/san400_0.9_1.clq.wcnf.gz,0.9304,0.9853,0.995,0.9135,0.9981,0.9469,1.0,1.0,0.9565,1.0,0.9599
maxcut/dimacs_mod/sanr200_0.7.clq.wcnf.gz,0.8649,0.9759,0.9759,0.8567,0.9614,0.8733,1.0,1.0,0.8649,1.0,0.8967
maxcut/dimacs_mod/sanr200_0.9.clq.wcnf.gz,0.9476,0.9829,0.9988,0.9488,0.9859,0.9618,1.0,1.0,0.9334,1.0,0.9482
MinimumWeightDominatingSetProblem/sc-rel9.wcnf.gz,0.5517,0.6724,0.7002,0.7002,0.6953,0.6724,0.0,0.0,0.6724,0.0,0.0
set-covering/random/scpnr/scpnre2_weighted.wcnf.gz,0.9118,0.9688,0.9688,0.9118,0.9118,0.8378,0.9394,1.0,0.8378,1.0,0.8378
set-covering/random/scpnr/scpnrf5_weighted.wcnf.gz,0.875,0.9333,0.9333,0.9333,0.9333,0.875,0.9333,1.0,0.8235,1.0,0.8235
set-covering/random/scpnr/scpnrg1_weighted.wcnf.gz,0.9468,0.9468,1.0,0.9468,0.8945,0.8945,0.9674,0.9944,0.8945,0.9944,0.8945
set-covering/random/scpnr/scpnrg2_weighted.wcnf.gz,0.9578,0.9636,0.9578,0.9578,0.9353,0.9353,1.0,1.0,0.9353,0.9938,0.9353
set-covering/random/scpnr/scpnrg3_weighted.wcnf.gz,0.9713,0.9826,0.9941,0.9713,0.9286,0.9286,0.9826,1.0,0.9286,1.0,0.9286
set-covering/random/scpnr/scpnrg4_weighted.wcnf.gz,0.9605,0.9714,0.9605,0.9605,0.914,0.914,0.9714,0.9884,0.914,0.9884,0.914
set-covering/random/scpnr/scpnrg5_weighted.wcnf.gz,0.9774,0.9886,0.9774,0.9774,0.8964,0.8964,0.983,0.9943,0.8964,0.9943,0.8964
set-covering/random/scpnr/scpnrh1_weighted.wcnf.gz,0.9701,0.9701,0.9848,0.9848,0.8784,0.8784,0.8784,0.9848,0.8784,0.9848,0.8784
set-covering/random/scpnr/scpnrh2_weighted.wcnf.gz,0.9701,0.9848,0.9559,0.9559,0.9559,0.9559,0.8784,1.0,0.9559,1.0,0.9559
set-covering/random/scpnr/scpnrh3_weighted.wcnf.gz,0.9524,0.9231,0.9375,0.9375,0.8571,0.8571,0.8696,0.9677,0.8571,0.9677,0.8571
set-covering/random/scpnr/scpnrh4_weighted.wcnf.gz,0.9672,0.9516,0.9365,0.9365,0.8551,0.8551,0.9219,1.0,0.8551,1.0,0.8551
set-covering/random/scpnr/scpnrh5_weighted.wcnf.gz,0.9492,0.918,0.9333,0.9333,0.8615,0.8615,0.8889,1.0,0.8615,1.0,0.8615
tcp/tcp_students_105_it_2.wcnf.gz,1.0,1.0,1.0,1.0,1.0,0.9861,0.9861,1.0,1.0,0.9861,0.9725
tcp/tcp_students_105_it_3.wcnf.gz,1.0,1.0,1.0,1.0,1.0,0.976,0.9521,0.976,0.9878,0.9402,0.9878
tcp/tcp_students_105_it_6.wcnf.gz,1.0,1.0,0.9871,0.9871,1.0,0.919,0.931,0.9633,0.919,0.9523,0.9881
tcp/tcp_students_112_it_13.wcnf.gz,1.0,0.8695,1.0,1.0,1.0,0.8997,0.9527,0.9753,0.9527,0.9527,0.9638
tcp/tcp_students_112_it_2.wcnf.gz,1.0,1.0,0.9684,0.9892,1.0,0.9892,0.9599,0.9684,0.97,0.9591,0.9492
tcp/tcp_students_112_it_5.wcnf.gz,1.0,1.0,0.9885,0.9894,1.0,1.0,0.9885,0.9782,0.9791,0.9681,0.9681
tcp/tcp_students_112_it_9.wcnf.gz,1.0,1.0,0.987,0.987,1.0,0.988,0.9753,0.987,0.987,0.9408,0.988
tcp/tcp_students_91_it_13.wcnf.gz,1.0,0.987,0.9599,1.0,1.0,0.987,0.9733,0.9859,1.0,0.9609,1.0
tcp/tcp_students_98_it_11.wcnf.gz,0.9989,0.8909,0.9989,0.9989,1.0,0.9989,0.9473,0.9989,0.9857,0.9857,0.9729
tcp/tcp_students_98_it_14.wcnf.gz,0.999,0.9884,0.9742,1.0,0.999,0.999,0.9874,0.9874,0.9874,0.9874,0.9428
tcp/tcp_students_98_it_15.wcnf.gz,0.9877,0.9553,0.9877,0.9877,1.0,0.9767,0.9767,0.9877,0.9877,0.9877,0.9433
tcp/tcp_students_98_it_2.wcnf.gz,1.0,0.9729,0.9188,0.9461,1.0,0.9451,0.9451,0.9461,0.9598,0.9598,0.9588
tcp/tcp_students_98_it_6.wcnf.gz,1.0,0.9629,0.9746,1.0,1.0,1.0,0.9505,1.0,1.0,0.9756,0.9515
timetabling/test1.wcnf.gz,0.0,0.0,0.0,0.0,0.0,0.0,0.0,0.0,0.0,0.0,0.0
timetabling/test3.lp.sm-extracted.wcnf.gz,0.2517,0.2813,0.049,0.049,0.6429,0.0721,0.0547,0.1748,0.0,0.1748,0.5373
timetabling/test3.wcnf.gz,0.8116,0.7724,0.3522,0.3522,0.8682,0.3094,0.2667,0.2872,0.2924,0.2872,0.3237
timetabling/test4.wcnf.gz,0.8341,0.7371,0.34,0.34,0.8906,0.2964,0.7703,0.0,0.2893,0.0,0.354
MaxSATQueriesinInterpretableClassifiers/wcnf_gz/tictactoe_train_1_DNF_2_20.wcnf.gz,1.0,0.7224,1.0,1.0,1.0,0.9727,0.9554,0.9863,0.9514,0.9685,0.9228
MaxSATQueriesinInterpretableClassifiers/wcnf_gz/titanic_train_5_DNF_5_20.wcnf.gz,1.0,0.4533,0.8874,0.8874,0.9831,0.8764,0.9362,0.9271,0.938,0.9271,0.8668
MaxSATQueriesinInterpretableClassifiers/wcnf_gz/toms_test_4_CNF_3_10.wcnf.gz,0.625,0.7979,0.5208,0.5208,0.5747,0.5017,0.6329,0.9317,0.5474,0.7614,0.2134
MaxSATQueriesinInterpretableClassifiers/MLIC_maxsat_benchmarks/toms_train_0_CNF_5_15.wcnf.gz,0.556,0.3229,0.3449,0.3457,0.0697,0.2171,1.0,0.9891,0.0697,0.9891,0.0
MaxSATQueriesinInterpretableClassifiers/wcnf_gz/toms_train_9_CNF_3_15.wcnf.gz,0.546,0.912,0.2567,0.2571,0.0809,0.1906,0.9249,0.9726,0.0809,0.9726,0.0
MaxSATQueriesinInterpretableClassifiers/MLIC_maxsat_benchmarks/twitter_test_0_CNF_2_5.wcnf.gz,0.9087,0.8216,0.6348,0.6348,0.9292,0.6461,0.8034,0.8227,0.6468,0.8227,0.355
MaxSATQueriesinInterpretableClassifiers/wcnf_gz/twitter_test_2_CNF_4_20.wcnf.gz,0.9053,0.0418,0.3882,0.3882,0.0426,0.4025,0.5202,0.646,0.3511,0.646,0.0
MaxSATQueriesinInterpretableClassifiers/wcnf_gz/twitter_test_7_CNF_4_5.wcnf.gz,0.9154,0.0604,0.5066,0.5066,0.6011,0.4971,0.839,0.9483,0.4953,0.9483,0.0
MaxSATQueriesinInterpretableClassifiers/MLIC_maxsat_benchmarks/twitter_train_0_CNF_2_5.wcnf.gz,0.1983,0.1197,0.1402,0.1402,0.1197,0.1197,0.9171,1.0,0.1197,1.0,0.0
MaxSATQueriesinInterpretableClassifiers/MLIC_maxsat_benchmarks/wdbc_train_1_CNF_3_5.wcnf.gz,0.8846,1.0,0.8364,0.8364,1.0,0.807,0.9388,1.0,0.807,0.8679,0.9787
MinimumWeightDominatingSetProblem/web-wikipedia2009.wcnf.gz,0.7767,0.8728,1.0,1.0,0.9066,0.8728,0.9001,0.385,0.8728,0.385,0.8712
railway-transport/wg2.wcnf.gz,0.8061,0.681,0.395,0.395,0.7745,0.4702,0.316,0.3911,0.126,0.3911,0.4938
